post_title,image1,image2,image3,image4,image5,image6
Aliquam furniture,product01.jpg,product02.jpg,product03.jpg,product04.jpg,product05.jpg,product06.jpg
Aliquam lobortis,product02.jpg,product03.jpg,product04.jpg,product05.jpg,product06.jpg,product07.jpg
Aliquam sit amet,product03.jpg,product04.jpg,product05.jpg,product06.jpg,product07.jpg,product08.jpg
Aliquet auctor sem,product04.jpg,product05.jpg,product06.jpg,product07.jpg,product08.jpg,product09.jpg
Auctor gravida enim,product05.jpg,product06.jpg,product07.jpg,product08.jpg,product09.jpg,product10.jpg
Auctor sem,product06.jpg,product07.jpg,product08.jpg,product09.jpg,product10.jpg,product11.jpg
Commodo dolor,product07.jpg,product08.jpg,product09.jpg,product10.jpg,product11.jpg,product12.jpg
Condimentum furniture,product08.jpg,product09.jpg,product10.jpg,product11.jpg,product12.jpg,product13.jpg
Condimentum posuere,product09.jpg,product10.jpg,product11.jpg,product12.jpg,product13.jpg,product14.jpg
Convallis furniture,product10.jpg,product11.jpg,product12.jpg,product13.jpg,product14.jpg,product15.jpg
Convallis quam sit,product11.jpg,product12.jpg,product13.jpg,product14.jpg,product15.jpg,product16.jpg
Curabitur a purus,product12.jpg,product13.jpg,product14.jpg,product15.jpg,product16.jpg,product17.jpg
Diam vel neque,product13.jpg,product14.jpg,product15.jpg,product16.jpg,product17.jpg,product18.jpg
Dignissim furniture,product14.jpg,product15.jpg,product16.jpg,product17.jpg,product18.jpg,product19.jpg
Dignissim venenatis,product15.jpg,product16.jpg,product17.jpg,product18.jpg,product19.jpg,product20.jpg
Duis bibendum,product16.jpg,product17.jpg,product18.jpg,product19.jpg,product20.jpg,product01.jpg
Egestas dapibus,product17.jpg,product18.jpg,product19.jpg,product20.jpg,product01.jpg,product02.jpg
Eleifend quam,product18.jpg,product19.jpg,product20.jpg,product01.jpg,product02.jpg,product03.jpg
Etiam purus,product19.jpg,product20.jpg,product01.jpg,product02.jpg,product03.jpg,product04.jpg
Fusce dolor enim,product20.jpg,product01.jpg,product02.jpg,product03.jpg,product04.jpg,product05.jpg
Fusce tempor,product01.jpg,product02.jpg,product03.jpg,product04.jpg,product05.jpg,product06.jpg
Habitasse dictumst,product02.jpg,product03.jpg,product04.jpg,product05.jpg,product06.jpg,product07.jpg
Integer eget augue,product03.jpg,product04.jpg,product05.jpg,product06.jpg,product07.jpg,product08.jpg
Ipsum imperdie,product04.jpg,product05.jpg,product06.jpg,product07.jpg,product08.jpg,product09.jpg
Kaoreet furniture,product05.jpg,product06.jpg,product07.jpg,product08.jpg,product09.jpg,product10.jpg
Kaoreet lobortis,product06.jpg,product07.jpg,product08.jpg,product09.jpg,product10.jpg,product11.jpg
Lacus dignissim,product07.jpg,product08.jpg,product09.jpg,product10.jpg,product11.jpg,product12.jpg
Morbi tristique,product08.jpg,product09.jpg,product10.jpg,product11.jpg,product12.jpg,product13.jpg
Neque porttitor,product09.jpg,product10.jpg,product11.jpg,product12.jpg,product13.jpg,product14.jpg
Nulla sed libero,product10.jpg,product11.jpg,product12.jpg,product13.jpg,product14.jpg,product15.jpg
Nulla sed stg,product11.jpg,product12.jpg,product13.jpg,product14.jpg,product15.jpg,product16.jpg
Nunc bibendum,product12.jpg,product13.jpg,product14.jpg,product15.jpg,product16.jpg,product17.jpg
Odio tortor consequat,product13.jpg,product14.jpg,product15.jpg,product16.jpg,product17.jpg,product18.jpg
Ornare sed consequat,product14.jpg,product15.jpg,product16.jpg,product17.jpg,product18.jpg,product19.jpg
Pellentesque furniture,product15.jpg,product16.jpg,product17.jpg,product18.jpg,product19.jpg,product20.jpg
Pellentesque position,product16.jpg,product17.jpg,product18.jpg,product19.jpg,product20.jpg,product01.jpg
Pellentesque posuere,product17.jpg,product18.jpg,product19.jpg,product20.jpg,product01.jpg,product02.jpg
Pharetra sagittis,product18.jpg,product19.jpg,product20.jpg,product01.jpg,product02.jpg,product03.jpg
Phasellus vel hendrerit,product19.jpg,product20.jpg,product01.jpg,product02.jpg,product03.jpg,product04.jpg
Phasellus vel hss,product20.jpg,product01.jpg,product02.jpg,product03.jpg,product04.jpg,product05.jpg
Sapien libero,product01.jpg,product02.jpg,product03.jpg,product04.jpg,product05.jpg,product06.jpg
Sed sollicitudin,product02.jpg,product03.jpg,product04.jpg,product05.jpg,product06.jpg,product07.jpg
Sin autem eos,product03.jpg,product04.jpg,product05.jpg,product06.jpg,product07.jpg,product08.jpg
Sit amet felis,product04.jpg,product05.jpg,product06.jpg,product07.jpg,product08.jpg,product09.jpg
Sociis natoque,product05.jpg,product06.jpg,product07.jpg,product08.jpg,product09.jpg,product10.jpg
Tincidunt malesuada,product06.jpg,product07.jpg,product08.jpg,product09.jpg,product10.jpg,product11.jpg
Turpis et iaculis,product07.jpg,product08.jpg,product09.jpg,product10.jpg,product11.jpg,product12.jpg
Ut ornare orci,product08.jpg,product09.jpg,product10.jpg,product11.jpg,product12.jpg,product13.jpg
Viverra sollicitudin,product09.jpg,product10.jpg,product11.jpg,product12.jpg,product13.jpg,product14.jpg
Volutpat sit amet,product10.jpg,product11.jpg,product12.jpg,product13.jpg,product14.jpg,product15.jpg
Volutpat ut,product11.jpg,product12.jpg,product13.jpg,product14.jpg,product15.jpg,product16.jpg
Vulputate furniture,product12.jpg,product13.jpg,product14.jpg,product15.jpg,product16.jpg,product17.jpg
Vulputate justo,product13.jpg,product14.jpg,product15.jpg,product16.jpg,product17.jpg,product18.jpg
